title	id	url	slug	summary	access	created	updated	isPrivate	isApi	accessInfo
African Agriculture Adaptation Atlas STAC catalog	114	https://digital-atlas.s3.amazonaws.com/stac/public_stac/catalog.json	africa-agriculture-adaptation-atlas	This STAC contains the data used within the Africa Agriculture Adaptation Atlas project found [here](https://adaptationatlas.cgiar.org/). This includes data related to climate hazards, crop production, crop exposure to climate hazards, demographics and more across Sub-Saharan Africa.	public	2025-04-17T13:20:19.986Z	2025-04-17T13:20:19.986Z	False	False	
Agroforestry Tree Detection — India (STAC layer)	160	https://data.source.coop/planet/agroforestry-individual-tree-detection-india/stac/catalog.json	agroforestry-tree-detection-india-stac-layer	Separate STAC layer over the Croissant/ML dataset (files unchanged): COG + original + labels per Item.	public	2026-08-18T07:46:35.954Z	2026-08-18T07:46:35.954Z	False	False	
Argentina National Geographic Institute (IGN) Reference Layers	179	https://data.source.coop/nlebovits/ign-argentina/catalog.json	argentina-ational-geographic-institute	Official reference layers from Argentina's National Geographic Institute (IGN), extracted from its WFS service and published as cloud-optimized GeoParquet. Includes hydrography, geomorphology and relief, transportation and road infrastructure, administrative boundaries, settlements and buildings, vegetation, geodesy, and other categories from IGN's vector data model. Public-use data under Article 2 of Law 27.275 (Public Information Access Law).	public	2026-08-18T13:47:15.926Z	2026-08-18T13:47:15.926Z	False	False	
Astraea Earth OnDemand	16	https://eod-catalog-svc-prod.astraea.earth/	astraea-earth-ondemand	Astraea Earth OnDemand geospatial imagery query and analysis tool	public	2020-09-02T19:21:50.464Z	2020-09-02T19:21:50.464Z	False	True	
BON in a Box STAC	112	https://stac.geobon.org/	bon-in-a-box-stac	Spatio Temporal Asset Catalog for layers used in BON in a Box, courtesy of GEO BON.	public	2025-02-28T15:49:40.097Z	2025-02-28T15:49:40.097Z	False	True	
Boettiger Lab Geospatial Datasets	161	https://s3-west.nrp-nautilus.io/public-data/stac/catalog.json	boettiger-lab-geospatial-datasets	A catalog of cloud-optimized geospatial datasets published by the Boettiger Lab, hosted on National Research Platform S3 storage. Datasets include biodiversity, conservation, census, environmental, and infrastructure data in formats optimized for cloud-native analysis.	public	2026-08-18T08:40:21.397Z	2026-08-18T08:40:21.397Z	False	True	
CBERS and Amazonia-1 on AWS	8	https://stac.scitekno.com.br/v100/	cbers	Imagery acquired by the China-Brazil Earth Resources (CBERS) and Amazonia-1 satellites. The image files are recorded and processed by INPE and are converted to Cloud Optimized Geotiff format in order to optimize its use for cloud based applications. Daily updated and hosted on AWS.	public	2020-08-20T00:00:00.000Z	2025-02-27T19:00:00.000Z	False	True	
CEDA STAC API	150	https://api.stac.ceda.ac.uk/	ceda-stac-api	The Centre for Environmental Data Analysis (CEDA) stores over 20 PB of atmospheric and Earth observation data. Sources for the archive include aircraft campaigns, satellites, automatic weather stations and climate models, amongst many others. The data consists of netCDF and other historical data.	protected	2026-04-10T22:55:23.169Z	2026-06-27T20:22:46.198Z	True	True	See the CEDA [documentation](https://help.ceda.ac.uk/article/5100-archive-access-tokens) for details.
CIESIN STAC	144	https://ciesin.github.io/sci-apps-stac/stac/catalog.json	ciesin-stac	CIESIN STAC is the authoritative SpatioTemporal Asset Catalog for datasets produced and curated by the Center for International Earth Science Information Network (CIESIN) and affiliated programs, including GRID3.	public	2026-02-11T16:20:29.070Z	2026-02-11T16:20:29.070Z	False	False	
CREODIAS	68	https://datahub.creodias.eu/stac/	creodias	CREODIAS users can now benefit from the Copernicus Data Space Ecosystem SpatioTemporal Asset Catalogue (STAC) to search for Earth observation products. The results of a query from the CDSE STAC catalogue share the same S3 product path to /eodata repository as for the CREODIAS platform.	protected	2023-02-23T17:49:39.814Z	2026-06-27T20:14:01.686Z	True	True	Some data is 'orderable', but can be requested through a custom API, using an account from https://creodias.eu/
California Forest Observatory	27	https://storage.googleapis.com/cfo-public/catalog.json	forest-observatory	The Forest Observatory is a data-driven forest monitoring system that maps the drivers of wildfire behavior across the state with a focus on vegetation fuels. Data are available for non-commercial use under the Forest Observatory [terms of use](https://forestobservatory.com/legal.html).	public	2021-01-14T17:33:34.176Z	2021-01-14T17:33:34.176Z	False	False	
Canadian Geospatial Data Collections	139	https://datacube.services.geo.ca/stac/api/	canadian-geospatial-data-collections-datacube	Collections of geospatial datasets from Canada Centre for Mapping and Earth Observation, delivered through the DataCube platform. / Collections de données géospatiales provenant du Centre canadien de cartographie et d’observation de la Terre, offertes via la plateforme Cube de Données.	public	2025-11-28T14:26:14.989Z	2025-11-28T14:26:14.989Z	False	True	
Capella Space Open Data	55	https://capella-open-data.s3.us-west-2.amazonaws.com/stac/catalog.json	capella-space-open-data	This open SAR dataset contains > 100 Capella Space scenes.   Imaging modes: Spotlight, Stripmap and Sliding Spotlight.   Image product types: Single Look Complex (SLC), Geocoded Terrain Corrected (GEO), Geocoded Ellipsoid Corrected (GEC) and Sensor Independent Complex Data (SICD)	public	2022-09-28T05:32:04.142Z	2022-09-28T05:32:04.142Z	False	False	
Cassini VIMS-IR STAC catalog	83	https://vims.univ-nantes.fr/stac/catalog.json	cassini-vims-ir	[Cassini/VIMS infrared dataset](https://vims.univ-nantes.fr) hosted at the University of Nantes.	public	2023-09-18T15:35:38.860Z	2023-10-02T15:35:38.860Z	False	False	
CoCliCo STAC Catalog	108	https://coclico.blob.core.windows.net/stac/v1/catalog.json	coclico	The funded CoCliCo project enhances coastal risk management by offering an open-source platform for assessing sea-level rise impacts. It visualizes, analyzes, and contextualizes coastal risks, combining geospatial data with decision tools, uniting experts in adaptation and risk communication.	public	2024-12-02T23:43:01.952Z	2024-12-02T23:43:01.952Z	False	False	
CoRE Stack Spatio Temporal Asset Catalog	151	https://spatio-temporal-asset-catalog.s3.ap-south-1.amazonaws.com/CorestackCatalogs_merged_collection/catalog.json	core-stack-spatio-temporal-asset-catalog	This spatio temporal asset catalog contains all data layers of CoREStack (https://core-stack.org/). The data layers are generated at an administrative tehsil level, and some layers are available for Pan India.	public	2026-04-21T09:37:25.974Z	2026-04-21T09:37:25.974Z	False	False	
Copernicus Data Space Ecosystem	113	https://stac.dataspace.copernicus.eu/v1/	cdse	Catalogue of Earth Observation (EO) data sets maintained by the Copernicus Data Space Ecosystem.	public	2025-04-07T09:13:46.299Z	2026-07-03T14:40:40.892Z	False	True	
Copernicus Data Space Ecosystem (openEO)	78	https://openeo.dataspace.copernicus.eu/openeo/1.2	cdse-openeo	This openEO service runs on the [Copernicus Data Space Ecosystem](https://dataspace.copernicus.eu/) and offers data access and processing on full archives of Copernicus data, such as the Sentinels.	protected	2023-09-02T16:08:53.927Z	2026-06-27T20:15:54.996Z	True	True	Please visit the [Copernicus Data Space Ecosystem](https://dataspace.copernicus.eu/) homepage for details.
Cubes and Clouds - Snow Cover	91	https://esa.pages.eox.at/cubes-and-clouds-catalog/MOOC_Cubes_and_clouds/catalog.json	cubes-and-clouds-snow-cover	Snow Cover Community Mapping Project of the MOOC Cubes and Clouds - Cloud Native Open Data Science for Earth Observation. Every item comes from a successful participant of the online course!	public	2024-02-21T15:38:28.785Z	2024-02-21T15:38:28.785Z	False	False	
Cyverse STAC API	115	https://stac.cyverse.org/	cyverse-stac-api	Geospatial Data hosted in CyVerse Cloud Storage at the University of Arizona. Includes drone imagery from the Open Forest Observatory. 	public	2025-04-17T23:32:12.007Z	2025-04-17T23:32:12.007Z	False	True	
DACCS STAC API - CRIM Hirondelle	142	https://hirondelle.crim.ca/stac/	daccs-stac-crim-hirondelle	Data Analytics for Canadian Climate Services (DACCS) project. Searchable spatiotemporal metadata describing climate and Earth observation datasets. The CRIM Hirondelle server is employed for experimental development of STAC and OGC standards.	protected	2026-02-06T20:21:26.965Z	2026-06-27T20:22:24.597Z	True	True	Contact via email: francis.charette-migneault@crim.ca. Provide the purpose of your request and how you intend to employ the data. 
Data.Geo.Admin.Ch	30	https://data.geo.admin.ch/api/stac/v1/	datageoadminch	Data Catalog of the Swiss Federal Spatial Data Infrastructure	public	2021-03-01T09:17:22.119Z	2025-03-05T09:17:22.119Z	False	True	
Delineate Anything Boundaries Ukraine 2025	140	https://data.source.coop/khvzix/delineate-anything-fields/DA-Ukraine-2025-v2-simp-gpkg/stac/collection.json	da-field-boundaries-ukraine-2025-simplified	Simplified national scale field boundary dataset for Ukraine for year 2025. The dataset is provided as a GeoPackage and is intended for agricultural analysis, field delineation research, and machine learning workflows.	private	2026-01-03T23:44:02.029Z	2026-01-03T23:44:02.029Z	True	False	The dataset is publicly accessible via a static STAC Collection hosted on Source Cooperative. Interested users can access the metadata by opening the provided STAC Collection URL in a web browser or by using any STAC compatible client. The Collection describes the spatial and temporal extent of the dataset and provides direct HTTPS links to the underlying GeoPackage file. No authentication or registration is required. The data file can be downloaded directly from Source Cooperative, or accessed programmatically in geospatial and machine learning workflows using standard tools that support STAC and GeoPackage formats.
DestinE Data Lake	102	https://hda.data.destination-earth.eu/stac	destine-data-lake	The DestinE Data Lake (DEDL) provides discovery, access, and big data processing services. 	protected	2024-08-01T14:46:44.325Z	2024-08-01T14:46:44.325Z	True	True	https://destine-data-lake-docs.data.destination-earth.eu/en/latest/dedl-discovery-and-data-access/Tutorial-scenario-examples/Tutorial-scenario-examples.html
Destination Earth Data Lake (DEDL) API	136	https://hda.data.destination-earth.eu/stac/v2	dedl-api	DestinE Data Lake (DEDL) fulfils the storage and access requirements for any data that is offered to DestinE users. It provides users with seamless access to the datasets, regardless of data type and location. EUMETSAT has the end-to-end responsibility for the DEDL.	public	2025-09-26T09:49:05.146Z	2025-09-26T09:49:05.146Z	False	True	
Digital Earth Africa	37	https://explorer.digitalearth.africa/stac/	digital-earth-africa	Digital Earth Africa is a platform that uses spatial data and images recorded by satellites orbiting our planet to detect physical changes across Africa in unprecedented detail.	public	2021-07-19T14:23:00.911Z	2021-07-19T14:23:00.911Z	False	True	
Digital Earth Australia	36	https://explorer.sandbox.dea.ga.gov.au/stac/	digital-earth-au	Digital Earth Australia (DEA) is a platform that uses spatial data and images recorded by satellites orbiting our planet to detect physical changes across Australia in unprecedented detail.	public	2021-07-19T14:20:22.121Z	2021-07-19T14:20:22.121Z	False	True	
Digitale Orthophotos Niedersachsen	35	https://dop.stac.lgln.niedersachsen.de	digitale-orthophotos-niedersachsen	Digital orthophotos from Lower Saxony in Germany, provided by LGLN.	public	2021-07-06T00:07:56.234Z	2024-06-21T13:07:56.234Z	False	True	
Disaster Data Releases from Planet Labs PBC	169	https://data.source.coop/planet/disasterdata/catalog.json	disaster-data-releases-from-planet-labs-pbc	Planet Crisis Response Program imagery for major disaster events — earthquakes, floods, storms, wildfires and human-made disasters — as a single browsable STAC / Portolan catalog. Each event is a self-contained sub-catalog with pre- and post-event high-resolution COGs (visual, pansharpened-analytic and usable-data masks), organised by affected location. Imagery © Planet Labs PBC, licensed CC-BY-NC-4.0 (non-commercial).	public	2026-08-18T11:23:12.796Z	2026-08-18T11:23:12.796Z	False	False	
Disasters Charter Mapper Catalog	45	https://supervisor.disasterscharter.org/api/catalog.json	disasters-charter-mapper-catalog	Satellite data to support disaster response worldwide.	protected	2021-12-09T20:26:47.852Z	2021-12-09T20:26:47.852Z	True	False	Some datasets are restricted by licensing to the exclusive usage for the disaster response by authorized users.
Distributed Renewable Energy (DRE) Atlas	157	https://data.source.coop/vida/dre-atlas/collection.json	dre-atlas	This collection hosts the underlying data for the [DRE Atlas Planning Platform](https://dre.energydata.info), settlement-level data for distributed renewable energy (DRE) planning, covering over 1.9 million settlements across 58 countries in Sub-Saharan Africa, Asia, the Pacific, and the Americas.	public	2026-07-22T09:16:34.699Z	2026-07-22T09:16:34.699Z	False	False	
EOC EO Products Service	76	https://geoservice.dlr.de/eoc/ogc/stac/v1/	eoc-eo-products-service	Provides interoperable access to metadata from EO collections and products of DLR's Earth Observation Center (EOC).	public	2023-08-02T11:32:30.353Z	2024-10-14T11:32:30.353Z	False	True	
EODC API (openEO)	4	https://openeo.eodc.eu/v1.0/	eodc-openeo	The EODC API provides access to the EODC services and data (Sentinel-1, Sentinel-2 and Sentinel-3), as well as access to the openEO endpoints.	protected	2020-08-20T00:00:00.000Z	2020-08-20T00:00:00.000Z	True	True	The EODC API is accessible for EODC partners only. You need to [contact](https://www.eodc.eu/contact/) EODC to subscribe to their services.
ERS open data	57	https://s3.gptl.ru/stac-web-free/catalog.json	ers-open-data	Some open data sets from the Russian Federal Space Agency, e.g. from the Meteor-M and Electro-L satellites.	public	2022-10-19T08:47:28.185Z	2026-06-27T20:14:18.577Z	False	True	
ESA Catalog	89	https://eocat.esa.int/eo-catalogue/	esa-catalog	ESA Catalog provides interoperable access, following ISO/OGC interface guidelines, to Earth Observation metadata.  See also https://eocat.esa.int.	public	2023-11-10T14:14:59.460Z	2023-11-10T14:14:59.460Z	False	True	
Earth Data Hub Catalogue	107	https://earthdatahub.destine.eu/api/stac/v1/	earth-data-hub-catalogue	Destination Earth is a flagship initiative of the European Commission to develop a highly accurate digital model of the Earth to monitor and simulate natural phenomena, hazards and the related human activities.	protected	2024-11-14T15:17:56.180Z	2024-11-14T15:17:56.180Z	True	True	Please contact DestinE Platform as the provider of the API for further information: https://platform.destine.eu
Earth Genome: Sentinel-2 L2A Temporal Mosaics	95	https://stac.earthgenome.org/	earth-genome	A publicly available STAC instance cataloging our data for the public good, including Sentinel-2 L2A Temporal Mosaics	public	2024-05-20T20:35:39.666Z	2026-06-27T20:16:43.495Z	False	True	
Earth Search	2	https://earth-search.aws.element84.com/v1/	earth-search	A STAC API of [AWS Public Datasets](https://registry.opendata.aws/).	public	2020-08-20T00:00:00.000Z	2023-03-10T19:00:00.000Z	False	True	
Earthlab UAS Career Data Catalog	188	https://data.cyverse.org/dav-anon/iplant/projects/earthlab/nfs_career/stac_catalog/catalog.json	earthlab-uas-career-data-catalog	This dataset consists of high-resolution unmanned aerial system (UAS)-derived imagery and derived products collected across post-fire landscapes in the Southern Rocky Mountains, USA. Data were acquired between 2023 and 2025 for 34+ transects across 15+ wildfire events that burned between [1994 - 2001]. UAS imagery was collected using RGB sensors (DJI Phantom 4 Pro and DJI Mavic 3 platforms). This work was supported by the NSF awards (DEB-1846384, DEB-2017889).	private	2026-09-02T17:18:38.753Z	2026-09-02T17:18:38.753Z	True	False	Please email Dr.Ilangakoon (ginikanda.ilangakoon@colorado.edu) with how the data is being used and the purpose of use. We are happy to share the data. 
EasierData	145	https://stac.easierdata.info	easierdata	Datasets: Global Ecosystem Dynamics Investigation (GEDI), Landsat C2 L1, Multi-Temporal Crop Classification (HLS L30 & CDL)	public	2026-02-26T09:50:24.587Z	2026-02-26T09:50:24.587Z	False	True	
EcoDataCube.eu	88	https://s3.eu-central-1.wasabisys.com/stac/odse/catalog.json	eco-datacube	European layers organized / produced by GeoHarmonizer (project 2018-EU-IA-0095) and publicly available in [EcoDataCube](https://ecodatacube.eu) including Landsat and Sentinel-2 images, land cover & land use maps, tree species occurrences and soil predictions.	public	2023-11-06T14:26:50.113Z	2023-11-06T14:26:50.113Z	False	False	
Eurac Research (openEO)	23	https://openeo.eurac.edu/	eurac-research-openeo	The Eurac Research backend provides EO data available for processing using OGC WC(P)S and the open data cube	protected	2020-11-13T09:20:44.050Z	2020-11-13T09:20:44.050Z	True	True	Contact [Alexander Jacob from EURAC Research](https://www.eurac.edu/de/people/alexander-jacob?institute=institut-fuer-erdbeobachtung) for details.
EuroSAT: Dataset for Land Use and Land Cover Classification	181	https://data.source.coop/nlebovits/eurosat-ms/catalog.json	eurosat-dataset-for-land-use-and-land-cover	"EuroSAT is a land use and land cover classification dataset. It is based on Sentinel-2 satellite imagery covering 13 spectral bands and consists of 10 LULC classes with a total of 27,000 labeled and geo-referenced images. The dataset is associated with the publications ""Introducing EuroSAT: A Novel Dataset and Deep Learning Benchmark for Land Use and Land Cover Classification"" and ""EuroSAT: A Novel Dataset and Deep Learning Benchmark for Land Use and Land Cover Classification""."	public	2026-08-18T14:52:36.135Z	2026-08-18T14:52:36.135Z	False	False	
Extremadura SDI (CICTEX)	178	https://storage.googleapis.com/carto-portolan-ide-extremadura/catalog.json	extremadura-sdi-cictex	Portolan catalog with a selection of geospatial data from the Regional Government of Extremadura (CICTEX), originally distributed via the SITEX Download Centre (sitex.juntaex.es/SITEX/centrodescargas). Data has been reprojected to EPSG:4326 and converted to cloud-native formats (GeoParquet, PMTiles); this is not the official distribution. Licensed CC-BY 4.0 CICTEX, Junta de Extremadura. This catalog is a publishing demo using Portolan and is not an official data source.	public	2026-08-18T13:39:34.538Z	2026-08-18T13:39:34.538Z	False	False	
FAIRiCUBE Hub Catalog	58	https://stacapi.eoxhub.fairicube.eu/	fairicube-hub-catalog	A STAC catalog that contains all collections available on the FAIRiCUBE Hub and within the Sentinel Hub openEO backend.	public	2022-12-20T08:10:04.157Z	2026-06-27T20:13:45.592Z	False	True	
FMI ARD Finland	42	https://pta.data.lit.fmi.fi/stac/root.json	fmi-ard-finland	Analysis Ready Data from the Finnish Meteorological Institute in the Finnish reference grid epsg:3067. Sentinel-1 and -2 as dekad mosaics as main items, but many other related data sets over Finland are included as well. For example the forestry inventory data as COGs are available as well.	public	2021-11-06T07:05:11.515Z	2021-11-06T07:05:11.515Z	False	False	
FedEO Clearinghouse	15	https://fedeo.ceos.org/	fedeo-clearinghouse	FedEO Clearinghouse provides interoperable access, following ISO/OGC interface guidelines, to Earth Observation metadata	public	2020-09-02T03:08:35.077Z	2024-04-26T11:27:35.077Z	False	True	
Fiboa Field Boundaries	94	https://fiboa.org/stac/catalog.json	fiboa	The Field Boundaries for Agriculture (fiboa) project is focused on making field boundary data openly available in a unified format on a global scale. This STAC catalog provides a collection of field boundary data from various sources, but all converted to be fiboa compliant.	public	2024-05-03T21:27:19.565Z	2024-05-03T21:27:19.565Z	False	False	
GEP Supersites CSK and CSG data	77	https://gep-supersites-stac.terradue.com/	gep-supersites-csk-and-csg-data	GEP hosted CSK and CSG data for the Geohazard Supersites and Natural Laboratories GEO initiative	public	2023-08-14T12:30:51.121Z	2023-08-14T12:30:51.121Z	False	True	
GHSL Population Grids (GHS-POP R2023A)	171	https://data.source.coop/nlebovits/ghsl/catalog.json	ghsl-population-grids-ghs-pop-r2023a	A cloud-native mirror of the European Commission Joint Research Centre's GHS-POP R2023A population grids: twelve five-yearly epochs from 1975 to 2030 at 100 m in World Mollweide (ESRI:54009). The upstream rasters are stored in Deflated ZIP members without internal overviews, preventing partial reads over HTTP. This mirror converts them to Cloud Optimized GeoTIFFs with overviews and embedded statistics. It is a derived, lossy product: pixel values are quantized to 0.01 persons per cell and are not bit-identical to JRC's distribution. The grid, model, inputs, authors, and licence are unchanged. See the [catalog agent guide](AGENTS.md) for query recipes and [why this mirror exists](https://github.com/nlebovits/ghsl/blob/main/docs/upstream-gaps.md) for measurements.	public	2026-08-18T11:45:08.269Z	2026-08-18T11:45:08.269Z	False	False	
GISTDA Drought Index in Thailand	79	https://disaster-vallaris.gistda.or.th/core/api/stac/1.0/Drought/?api_key=ErNGa8yrMWef0YutwmL7XvpwWQNCK2kVPNt5dAwWbBMnvDoifTEhD75H3DCENjKJ	gistda-drought-index-in-thailand	GISTDA Drought Index in Thailand, Data processing from MODIS Product.	public	2023-09-04T10:05:23.553Z	2026-06-27T20:15:40.467Z	False	True	
GISTDA Flood disaster in Thailand	80	https://disaster-vallaris.gistda.or.th/core/api/stac/1.0/Flood/?api_key=ErNGa8yrMWef0YutwmL7XvpwWQNCK2kVPNt5dAwWbBMnvDoifTEhD75H3DCENjKJ	gistda-flood-disaster-in-thailand	GISTDA Flood disaster in Thailand, Data processing from Sattalite Imagery.	public	2023-09-04T10:08:50.182Z	2026-06-27T20:15:45.724Z	False	True	
Geoportal des Kantons Bern	149	https://geofiles.be.ch/geoportal/pub/stac/de/catalog.json	geoportal-des-kantons-bern	Geoportal of the Canton of Bern in Switzerland: Geoproducts for download	public	2026-04-10T22:48:42.830Z	2026-04-10T22:48:42.830Z	False	False	
Google Earth Engine	21	https://storage.googleapis.com/earthengine-stac/catalog/catalog.json	google-earth-engine	List of all rasters and vectors present in the [Google Earth Engine Catalog](https://developers.google.com/earth-engine/datasets/).	public	2020-10-01T19:38:14.208Z	2026-06-27T20:09:41.159Z	False	False	
Google Earth Engine (openEO)	6	https://earthengine.openeo.org/v1.0/	google-earth-engine-openeo	This is the Google Earth Engine Driver for openEO. Google Earth Engine is a planetary-scale platform for Earth science data & analysis. It is powered by Google's cloud infrastructure and combines a multi-petabyte catalog of satellite imagery and geospatial datasets with planetary-scale analysis capabilities. Google makes it available for scientists, researchers, and developers to detect changes, map trends, and quantify differences on the Earth's surface.	public	2020-08-20T00:00:00.000Z	2023-02-15T11:00:00.000Z	False	True	
HDX HAPI Cloud-Native	183	https://data.source.coop/hdx/hapi/collection.json	hdx-hapi-cloud-native	Cloud-native Parquet exports of the UN OCHA Humanitarian API (HAPI), which provides standardized humanitarian indicators designed for seamless interoperability from multiple sources. Covers affected people, food security, funding, conflict, operational presence, and more. Individual dataset licenses vary — see source links.	public	2026-08-19T09:17:45.728Z	2026-08-19T09:17:45.728Z	False	False	
HUB Ocean´s Ocean Data Platform Catalog	134	https://api.hubocean.earth/api/stac	hub-oceans-ocean-data-platform-catalog	Hub Ocean Ocean Data Platform (ODP) Public STAC API  It is compatible with most GIS plugins, it has rich metadata, supports pagination, search and should feel snappy to use! For details, please refer to the detailed documentation is here https://docs.hubocean.earth/stac-api/	public	2025-09-04T13:31:40.938Z	2025-09-04T13:31:40.938Z	False	True	
Hong Kong CSDI Trial	109	https://raw.githubusercontent.com/Anna-leungtn/STAC_CSDI/refs/heads/main/ib1000_stac/catalog.json	hong-kong-csdi-trial	This is a CSDI Catalog trial run create under the LandsD CSDI Platform Section.	public	2024-12-10T13:19:39.164Z	2024-12-10T13:19:39.164Z	False	False	
IDE Facultad de Ciencia y Tecnología UADER	53	https://rawcdn.githack.com/IDE-FCyT/IDE-FCyT/main/docs/catalog/stac_catalog.json	ide-facultad-de-ciencia-y-tecnologia-uader	Lista de raster y vectores presentes en la IDE de la Facultad de Ciencia y Tecnología - UADER 	public	2022-06-23T15:00:45.539Z	2026-06-27T20:25:10.469Z	False	False	
INPE STAC Server	147	https://data.inpe.br/bdc/stac/v1/	inpe-stac-server	This is the landing page for the INPE STAC server. The SpatioTemporal Asset Catalogs (STAC) provide a standardized way to expose collections of spatial temporal data. Here you will find collections of data provided by projects and areas of INPE.	public	2026-04-02T13:21:52.183Z	2026-06-27T20:25:52.081Z	False	True	
Iconem STAC - 3D Cities, monuments, archeo sites	104	https://app.iconem.com/api/stac	iconem-stac-3d-cities-monuments-archeo-sites	Iconem 3D STAC Catalog includes datasets for 3d-scans of archeo sites, monuments and entire cities. Includes pointclouds (potree, COPC las/laz), tiled meshes (OGC/Cesium 3D Tiles), orthophotos (COG, geotiff), oriented medias, gaussian splats, stored in a unified CRS. Visible at app.iconem.com	protected	2024-08-19T15:55:47.898Z	2024-08-19T15:55:47.898Z	True	True	Please contact Iconem CTO Jonathan Chemla, or access app.iconem.com to see which sites are public, or protected (listed publicly but only available after request) jchemla@iconem.com
Impact Observatory STAC API	185	https://api.impactobservatory.com/stac-aws/	impact-observatory-stac-api	Impact Observatory STAC API	public	2026-08-19T10:59:41.747Z	2026-08-19T10:59:41.747Z	False	True	
JRC GloFAS Global Flood Hazard Maps	174	https://data.source.coop/nlebovits/jrc-glofas/catalog.json	jrc-glofas-global-flood-hazard-maps	Global riverine flood hazard maps from the Joint Research Centre CEMS-GLOFAS v2.1.2. Includes flood depth and hazard classification rasters for return periods 10, 20, 50, 75, 100, 200, and 500 years, plus permanent water body and spurious depth auxiliary layers.	public	2026-08-18T12:27:06.428Z	2026-08-18T12:27:06.428Z	False	False	
KAGIS Katalog	106	https://gis.ktn.gv.at/api/stac/v1/	kagis-katalog	STAC KAGIS - Land Kärnten (Carinthia, Austria)    	public	2024-11-07T12:33:17.442Z	2024-11-07T12:33:17.442Z	False	True	
Kentucky From Above SpatioTemporal Asset Catalog	132	https://spved5ihrl.execute-api.us-west-2.amazonaws.com/	kentucky-from-above-spatiotemporal-asset-catalog	This API delivers the Kentucky Aerial Photography and Elevation Data (KYAPED) program data dating from 2010 - Present.  Collections are divided in three phases (of collection) for each product  - leaf-off orthoimagery, LiDAR point cloud, and LiDAR-derived digital elevation model.	public	2025-08-17T14:27:53.980Z	2025-08-17T14:27:53.980Z	False	True	
LUCAS ML	170	https://data.source.coop/jrc-lucas/jrc-lucas-ml/stac/catalog.json	lucas-ml	The LUCAS (Land Use/Cover Area Frame Survey) dataset supports machine learning segmentation for land-use and land-cover change analysis and biodiversity measurement. This analysis-ready dataset provides segmented LUCAS survey photos with ancillary information and summary statistics, supporting land-cover change validation, vegetation detection and characterization, and biodiversity and landscape heterogeneity monitoring.	public	2026-08-18T11:35:12.465Z	2026-08-18T11:35:12.465Z	False	False	
MISTEO STAC SERVER	138	https://stac-server.dev2prod.co/	misteo-stac-server	MISTEO STAC SERVER , for geo data for selected states 	public	2025-11-11T09:29:37.430Z	2026-06-27T20:22:22.813Z	False	True	
MSC GeoMet - GeoMet-OGC-API	29	https://api.weather.gc.ca/stac/?f=json	msc-geomet	GeoMet-OGC-API provides public access to the Meteorological Service of Canada (MSC) and Environment and Climate Change Canada (ECCC) data via interoperable web services and application programming interfaces (API).	public	2021-02-19T21:48:40.527Z	2023-02-15T11:00:00.000Z	False	False	
MTD STAC API	135	https://api.stac.teledetection.fr	mtd-stac-api	Spatio Temporal Assets Catalog powered by 'Maison de la Teledetection' (aka MTD). It regroups scientific productions of UMR TETIS, UMR Espace-Dev, and external collaborators. See https://www.stac.teledetection.fr	public	2025-09-22T13:40:53.309Z	2025-09-22T13:40:53.309Z	False	True	
MapBiomas Annual Land Cover and Land Use, South America	167	https://data.source.coop/tristangruppwri/mapbiomas/catalog.json	mapbiomas-annual-land-cover-and-land-use	Annual land cover and land use maps from the MapBiomas Project for ten South American countries, 2019-2024, as Cloud-Optimized GeoTIFFs at 30 m. One collection per country, one item per year. Pixel values are the raw national MapBiomas class codes - nothing was reclassified. Because each MapBiomas national initiative maintains its own legend, codes are not comparable across borders as published; the README documents a three-tier harmonisation (exact level-1 collapse, a pan-MapBiomas legend, and a corrected crosswalk onto MapBiomas Brazil Collection 10) and ships it as a machine-readable harmonization.csv.	public	2026-08-18T11:17:47.966Z	2026-08-18T11:17:47.966Z	False	False	
Markhöjdmodell Nedladdning Lantmäteriet	118	https://api.lantmateriet.se/stac-hojd/v1	markhojdmodell-nedladdning-lantmateriet	The catalog contains elevation data from Lantmäteriet over Sweden, which is free of charge and available for use under the Creative Commons license CC BY 4.0.	protected	2025-05-17T16:38:43.715Z	2025-05-19T10:38:43.715Z	True	True	To get access to this data you need to order access to it in Lantmäteriets portal GeoTorget: https://www.lantmateriet.se/sv/geodata/vara-produkter/produktlista/markhojdmodell-nedladdning/#anchor-3
Maxar ARD Sample Data	50	https://ard.maxar.com/samples/catalog.json	maxar-ard-sample-data	Root Catalog for Maxar ARD sample data.   All contents Ⓒ Maxar and for evaluation only.	public	2022-04-15T22:04:14.769Z	2022-04-15T22:04:14.769Z	False	False	
Maxar Open Data Catalog (ARD format)	56	https://maxar-opendata.s3.amazonaws.com/events/catalog.json	maxar-open-data-catalog-ard-format	Root catalog for the [Maxar Open Data Program](https://www.maxar.com/open-data) imagery generated through the Maxar ARD pipeline. 	public	2022-10-03T20:14:03.104Z	2022-10-03T20:14:03.104Z	False	False	
Mercator Gridded Earth Data	154	https://api.mercator.blue/catalog.json	mercator	Gridded earth data published as value-encoded Web Mercator tiles: NOAA GFS weather, HYCOM ocean currents, GFS Wave, Copernicus CAMS air quality, and GEBCO elevation. Each item has a tile pyramid, a single global PNG, a COG and a preview, with a mercator extension describing value encoding.	protected	2026-06-11T14:26:13.087Z	2026-06-11T14:26:13.087Z	True	False	The catalog and item metadata are fully public (anyone can browse it in STAC Browser), but fetching the actual tile and data assets requires an API  key (free tier available).
Microsoft ML Road Detections	182	https://data.source.coop/nlebovits/microsoft-ml-road-detections/catalog.json	microsoft-ml-road-detections	A cloud-native mirror of the road detections Microsoft mines from Bing Maps aerial imagery and publishes at [microsoft/RoadDetections](https://github.com/microsoft/RoadDetections). Microsoft distributes the data as nineteen zipped TSV files of GeoJSON, one per UN subregion. This catalog republishes the same roads as GeoParquet partitioned by country, so a reader can query one country, one bounding box, or the whole planet without downloading 67 GB first.	public	2026-08-19T09:06:19.718Z	2026-08-19T09:06:19.718Z	False	False	
Microsoft Planetary Computer STAC API	32	https://planetarycomputer.microsoft.com/api/stac/v1/	microsoft-pc	Searchable spatiotemporal metadata describing Earth science datasets hosted by the Microsoft Planetary Computer	public	2021-05-03T16:29:53.726Z	2023-02-15T11:00:00.000Z	False	True	
MideaFind Germany DIY Store Locations	158	https://mideafind.com/data/stac/catalog.json	mideafind-germany-diy-store-locations	Versioned STAC catalog of 1,314 known German DIY-store locations from an OpenStreetMap/Overpass snapshot dated 2 July 2026, with published quality metrics and explicit limits: no live stock, prices, demand, sales, or retailer partnerships.	public	2026-07-31T02:54:05.936Z	2026-07-31T02:54:05.936Z	False	False	
Monthly Mosaic of Sentinel 2 Images for Catalonia	52	https://datacloud.icgc.cat/stac-catalog/catalog.json	catalonia-monthly-sentinel2	Monthly mosaics of sentinel-2 images over Catalonia, choosing lowest cloud coverage for each timespan. Indexes several collections of different Cloud Optimized Geotiffs: RGB de 8/16 bits, IRC  8/16 bits.	public	2022-06-03T11:53:57.125Z	2022-06-03T11:53:57.125Z	False	False	
NAIP Aerial Imagery Mosaics	164	https://data.source.coop/portolan/portolan-pipeline/naip-mosaic/PRs/111/catalog.json	naip-aerial-imagery-mosaics	Cloud-native mirror Collections of National Agriculture Imagery Program scenes, modelled as per-scene STAC Items whose Cloud Optimized GeoTIFFs stay on the host that publishes them.	public	2026-08-18T10:00:30.239Z	2026-08-18T10:00:30.239Z	False	False	
NASA CMR CLOUDSTAC Proxy	48	https://cmr.earthdata.nasa.gov/cloudstac/	nasa-cmr-cloudstac-proxy	"SpatioTemporal Asset Catalog API on top of [NASA's Common Metadata Repository](https://cmr.earthdata.nasa.gov/search/). The Common Metadata Repository (CMR) is a high-performance, high-quality, continuously evolving metadata system that catalogs Earth Science data and associated service metadata records.  This API only contains STAC Collections where the Item Assets are available ""in the cloud"" (i.e., on s3)."	public	2022-02-24T21:58:16.563Z	2022-02-24T21:58:16.563Z	False	True	
NASA CMR STAC	7	https://cmr.earthdata.nasa.gov/stac/	cmr-stac	SpatioTemporal Asset Catalog API on top of NASA's [Common Metadata Repository](https://cmr.earthdata.nasa.gov/search/). The Common Metadata Repository (CMR) is a high-performance, high-quality, continuously evolving metadata system that catalogs Earth Science data and associated service metadata records.	public	2020-08-20T00:00:00.000Z	2023-02-15T11:00:00.000Z	False	True	
NASA ISERV	14	https://nasa-iserv.s3-us-west-2.amazonaws.com/catalog/catalog.json	nasa-iserv	ISS SERVIR Environmental Research and Visualization System (ISERV) Level-0 Product. These products were created at the ISERV Science Operation Center (SOC) at the National Space Science and Technology Center. ISERV is an automated system designed to acquire images of the Earth's surface from the International Space Station (ISS).	public	2020-09-01T20:05:35.697Z	2020-09-01T20:05:35.697Z	False	False	
NOAA Climate Data Records	159	https://noaadata.apps.nsidc.org/NOAA/G02202_V6/stac/catalog.json	noaa-climate-data-records	NOAA Climate Data Records (CDRs) are robust, sustainable, and scientifically defensible climate records that can be used to assess climate variability and change.	public	2026-08-05T20:37:05.409Z	2026-08-05T20:37:05.409Z	False	False	
National geospatial data of the Republic of Moldova	163	data.source.coop/nlebovits/moldova-geodata/catalog.json	moldova-geodata	A cloud-native mirror of the Moldovan national geoportal geodata.gov.md, run by Î.S. INGEOCAD for the Agency for Geodesy, Cartography and Cadastre (AGCC). It holds vector layers extracted over WFS: cadastral parcels, buildings, addresses, the 2017 base map, CORINE land cover, the state forest fund, flood models, and the geodetic network. Data is published as GeoParquet and PMTiles in the source coordinate system, MOLDREF99 / Moldova TM (EPSG:4026). This is not an official AGCC product.	public	2026-08-18T09:34:36.093Z	2026-08-18T09:34:36.093Z	False	False	
New Zealand Coastal Elevation	122	https://nz-coastal.s3.ap-southeast-2.amazonaws.com/catalog.json	nz-coastal	Toitū Te Whenua Land Information New Zealand makes New Zealand's publicly owned coastal elevation archive freely available to use under an open licence. This public S3 bucket has been made available to enable bulk access and cloud-based data processing.	public	2025-06-17T00:40:56.767Z	2026-06-27T20:22:55.631Z	False	False	
New Zealand Elevation	92	https://nz-elevation.s3.ap-southeast-2.amazonaws.com/catalog.json	nz-elevation	Toitū Te Whenua Land Information New Zealand makes New Zealand's publicly owned elevation archive freely available to use under an open licence. This public S3 bucket has been made available to enable bulk access and cloud-based data processing.	public	2024-03-14T00:44:17.769Z	2026-06-27T20:22:39.030Z	False	False	
New Zealand Imagery	82	https://nz-imagery.s3.ap-southeast-2.amazonaws.com/catalog.json	nz-imagery	Toitū Te Whenua Land Information New Zealand makes New Zealand's publicly owned aerial and satellite imagery archive freely available to use under an open licence. This public S3 bucket has been made available to enable bulk access and cloud-based data processing.	public	2023-09-18T02:32:53.754Z	2026-06-27T20:22:43.334Z	False	False	
Open Data EOSSAT-1	100	https://dragonfly-open-data.s3.eu-west-2.amazonaws.com/data/catalog.json	open-data-eossat-1	EOSSAT-1 Open datasets captured with DragonEye imagers	protected	2024-06-20T21:06:19.493Z	2024-06-20T21:06:19.493Z	True	False	Access to the datasets are protected, but can be shared on request. Please Email Us for more information or to request access to the datasets.
Open Science Catalog	66	https://esa-earthcode.github.io/open-science-catalog-metadata/catalog.json	osc	Open Science Catalog (OSC) Catalog by the European Space Agency (ESA)	public	2023-01-06T17:21:43.499Z	2026-06-27T20:13:54.966Z	False	False	
OpenAerialMap	155	https://api.imagery.hotosm.org/stac	openaerialmap	STAC FastAPI deployment for the OpenAerialMap and open imagery catalogs.	public	2026-06-23T14:04:20.354Z	2026-06-23T14:04:20.354Z	False	True	
OpenAerialMap Example	20	https://raw.githubusercontent.com/m-mohr/oam-example/main/catalog.json	openaerialmap-example	Example STAC Item for an entry on OpenAerialMap, created during the STAC Intro and Q&A.	public	2020-09-08T18:25:21.672Z	2023-01-10T10:44:21.672Z	False	False	
OpenLandMap STAC	87	https://s3.eu-central-1.wasabisys.com/stac/openlandmap/catalog.json	openlandmap	Global layers organized / produced by OpenGeoHub and publicly available in [OpenLandMap](https://openlandmap.org) including MODIS, PROBA-V and Landsat images, land cover & land use maps, soil predictions and potential natural vegetation.	public	2023-11-06T14:18:20.927Z	2023-11-06T14:18:20.927Z	False	False	
OpenTopography Raster DEM Data Catalog	25	https://portal.opentopography.org/stac/raster_catalog.json	opentopography	A catalog of OpenTopography hosted raster topography (digital elevation model) datasets.	public	2020-11-18T04:57:20.431Z	2025-07-31T10:32:20.431Z	False	False	
Openeo Platform	40	https://openeocloud.vito.be/openeo/1.0.0/	openeo-platform	openEO platform provides intuitive programming libraries to process a wide variety of earth observation datasets. This large-scale data access and processing is performed on multiple infrastructures, which all support the openEO and STAC API.	protected	2021-10-27T21:02:47.508Z	2021-10-27T21:02:47.508Z	True	True	Please see [openeo.cloud](https://openeo.cloud) for more information on how to get access to the Platform API.
Ortofoto Nedladdning Lantmäteriet	117	https://api.lantmateriet.se/stac-bild/v1	ortofoto-nedladdning-lantmateriet	The catalog contains orthophotos from Lantmäteriet over Sweden that are free of charge, using Creative Commons license CC BY 4.0. Your use will be subject to legal review in accordance with the General Data Protection Regulation (GDPR), you will need to agree to specific terms of use.	protected	2025-05-17T16:30:47.733Z	2025-05-19T10:30:47.733Z	True	True	To get access to this data you need to order access to it in Lantmäteriets portal GeoTorget: https://geotorget.lantmateriet.se/dokumentation/GEODOK/44/latest/atkomst-och-leverans.html
Overture Releases	141	https://stac.overturemaps.org/catalog.json	overture	All Overture releases. Addresses, Base, Buildings, Divisions, Places, Transportation as GeoParquet files.	public	2026-02-04T22:42:19.419Z	2026-02-04T22:42:19.419Z	False	False	
PGC Data Catalog	184	https://stac.pgc.umn.edu/api/v1/	pgc-data-catalog	PGC Data Catalog of open digital elevation models	public	2026-08-19T10:50:50.212Z	2026-08-19T10:50:50.212Z	False	True	
Paituli STAC (Finland)	72	https://paituli.csc.fi/geoserver/ogc/stac/v1	paituli-stac-finland	Paituli STAC includes several open Finnish datasets. More information: https://paituli.csc.fi/stac.html Mainained by CSC - IT center for science.	public	2023-04-13T10:15:39.875Z	2023-08-25T10:15:00.875Z	False	True	
Pangeo Cloud Data Catalog	17	https://raw.githubusercontent.com/pangeo-data/pangeo-datastore-stac/master/master/catalog.json	pangeo	Experimental STAC catalog of ocean, weather, and climate data stored in Zarr format in Google Cloud Storage.	public	2020-09-03T13:10:10.994Z	2026-06-27T20:24:31.281Z	False	False	
Panoramax	143	https://api.panoramax.xyz/api/	panoramax	This catalog list all geolocated pictures available in this Panoramax instance	public	2026-02-09T09:28:33.981Z	2026-02-09T09:28:33.981Z	False	True	
Pergamino SDI: Spatial Data Infrastructure	176	https://data.source.coop/nlebovits/pergamino-ide/catalog.json	pergamino-sdi-spatial-data-infrastructure	Cloud-native mirror of the Spatial Data Infrastructure (SDI) of the Municipality of Pergamino, Buenos Aires Province, Argentina. Data is published by the Municipality's Directorate of Georeferenced Information Systems (DSIG) and is republished here in cloud-native formats (GeoParquet, PMTiles) without altering its content.	public	2026-08-18T13:01:33.939Z	2026-08-18T13:01:33.939Z	False	False	
Philadelphia Housing and Land Use	186	https://data.source.coop/nlebovits/phl-housing-demo/catalog.json	philadelphia-housing-and-land-use	Ten collections describing property, zoning, vacancy, and affordable housing in Philadelphia, mirrored from the City of Philadelphia's ArcGIS services via [OpenDataPhilly](https://opendataphilly.org/). Together they answer what exists on a parcel, what the zoning code permits there, whether the city believes it is empty, and what publicly funded housing has been built.  The catalog holds 1,780,845 features. Property parcels (607,957), land use (559,077), and building footprints (546,083) cover the whole city. Zoning base districts (29,205) and overlays (195) record what the code allows, and a 39-row lookup table decodes every zoning code. The city's vacancy model flags 28,737 likely-vacant lots and 9,041 likely-vacant buildings. Affordable housing production lists 501 DHCD-funded projects delivering 19,249 units since 1994.  Each collection ships as GeoParquet in the source CRS, EPSG:3857, with PMTiles for rendering and two to three verified map styles. Start at the catalog [AGENTS.md](AGENTS.md) for join keys, worked queries, and the data quirks that cause most wrong answers.	public	2026-08-26T15:15:59.726Z	2026-08-26T15:15:59.726Z	False	False	
Planet Labs STAC Catalog	44	https://www.planet.com/data/stac/catalog.json	planet-labs-stac-catalog	This catalog serves as the main root STAC Catalog for Planet Labs. It links to 3 small static catalogs of open data, including a small set of Planet Disaster Data, some CC-BY SkySat collects and the complete Spacenet 7 images and labels.	public	2021-12-08T22:55:27.717Z	2021-12-08T22:55:27.717Z	False	False	
Polar Geospatial Center Data Catalog	61	https://pgc-opendata-dems.s3.us-west-2.amazonaws.com/pgc-data-stac.json	polar-geospatial-center	Includes data from multiple projects, each with 2m GSD and usually available in mosaics and strips: ArcticDEM (DEMs over the Arctic, starting 2007), EarthDEM (DEMs over non-polar regions, staring 2008) and REMA (Reference Elevation Model of Antarctica, starting 2009).	public	2023-01-04T10:20:07.793Z	2023-01-04T10:20:07.793Z	False	False	
Portolan NL — Cloud-Native Dutch Geodata	180	https://data.source.coop/cholmes/portolan-nl/catalog.json	portolan-nl-cloud-native-dutch-geodata	A demonstration of Portolan as cloud-native infrastructure for the disclosure of open geodatasets from Dutch government authorities. Inspired by PDOK (Publieke Dienstverlening Op de Kaart), this catalog provides current and reliable geo-information as GeoParquet, PMTiles, and STAC metadata — open, standards-based, and freely accessible to everyone.	public	2026-08-18T14:43:18.899Z	2026-08-18T14:43:18.899Z	False	False	
Portolan Reference Catalog	165	https://data.source.coop/portolan/portolan-pipeline/portolan-reference/main/catalog.json	portolan-reference-catalog	A mixed reference catalog exercising every major case in the Portolan v0.1 specification with real, openly licensed data pulled from its original upstream sources, vector polygons and points, raster, tabular, mirror provenance, nested catalogs and flat collections.	public	2026-08-18T10:09:38.856Z	2026-08-18T10:09:38.856Z	False	False	
RapidAI4EO	74	https://radiantearth.blob.core.windows.net/mlhub/rapidai4eo/stac-v1.0/catalog.json	rapidai4eo-v1	RapidAI4EO corpus of spatiotemporal imagery and LULC labels for machine learning training.	public	2023-05-18T09:22:01.688Z	2023-05-18T09:22:01.688Z	False	False	
Rosetta OSIRIS Anaglyphs of Comet 67P	156	https://rosetta-3dcomet.cnes.fr/stac/collection.json	rosetta-osiris-anaglyphs	This catalog presents anaglyphs made from stereo images captured by ESA's Rosetta mission at comet 67P/Churyumov-Gerasimenko. Suitable parallax image pairs were selected, corrected for illumination, aligned, brightness-matched, and processed using anaglyph-generation software.	public	2026-07-01T07:23:38.228Z	2026-07-01T07:23:38.228Z	False	False	
S2 for Ghana	31	https://gws-access.jasmin.ac.uk/public/odanceo/S2_L2/collection.json	s2-for-ghana	Sentinel 2 Surface Reflectance over Ghana using SIAC AC.	public	2021-04-21T13:43:48.505Z	2021-04-21T13:43:48.505Z	False	False	
SEAS Guyane	146	https://portail.seasguyane.org/catalog	seas-guyane	SPOT6/7, Pléiades and Pleiades Neo imagery of SEAS Guyane organization, lead by the Collectivité Territoriale de Guyane : https://seasguyane.org	private	2026-03-16T13:04:55.527Z	2026-06-27T20:23:07.457Z	True	True	Intended for public sector entities and, under certain conditions, private sector entities. See https://seasguyane.org for more info.
SPOT Orthoimages of Canada (2005-2010)	12	https://canada-spot-ortho.s3.amazonaws.com/canada_spot_orthoimages/catalog.json	spot-orthoimages-canada-2005	Canada's Orthoimages 2005-2010 is the national medium-resolution imagery coverage of Canada. These digital raster data acquired by the Spot4 and Spot5 satellites comprise five spectral bands.	public	2020-08-24T20:59:43.049Z	2026-06-27T20:24:35.828Z	False	False	
Sentinel 3 Level 2+3 on AWS	65	https://meeo-s3.s3.amazonaws.com/catalog.json	sentinel-3-aws	Observations from the Sentinel-3 satellite of the European Commission’s Copernicus Earth Observation Programme, available in Level 2 and 3. Hosted on AWS.	public	2023-01-04T11:24:29.169Z	2023-01-04T11:24:29.169Z	False	False	
Sentinel 5P Level 2 on AWS	11	https://meeo-s5p.s3.amazonaws.com/catalog.json	sentinel-5p-level2-aws	Observations from the Sentinel-5 Precursor (Sentinel-5P) satellite of the European Commission’s Copernicus Earth Observation Programme. Hosted on AWS.	public	2020-08-24T20:55:25.010Z	2020-08-24T20:55:25.010Z	False	False	
Sentinel Hub	3	https://services.sentinel-hub.com/catalog/v1/	sentinel-hub	Sentinel Hub Catalog is an API implementing the STAC Specification, describing geospatial information about different data used with Sentinel Hub.	protected	2020-08-20T00:00:00.000Z	2026-06-27T20:08:27.126Z	True	True	The Sentinel Hub API uses OAuth2 Authentication and requires that you have an access token. See the [Authentication chapter](https://docs.sentinel-hub.com/api/latest/api/overview/authentication/) for more information.
Sentinel-1 RTC CONUS	59	https://raw.githubusercontent.com/scottyhq/sentinel1-rtc-stac/main/collection.json	sentinel-1-rtc-conus	Sentinel1 radiometric terrain corrected backscatter (RTC) over CONUS since 2017. These radar data have been processed from original GRD scenes into a Radiometrically Terrain Corrected, tiled product suitable for analysis.	public	2023-01-04T10:01:53.109Z	2023-01-04T10:01:53.109Z	False	False	
SkyServe Mission Data	96	https://api.ellipsis-drive.com/v3/ogc/stac/catalog/8a059125-b93d-4dda-b69b-9130fbe9f55e/epat_UK6PDdbzeJpySAvkdV55lztWjjrUZZmFzlYUQPbRFK2VnCxJQZ9twUJlv4ksKGc8	skyserve-mission-data	This will be a collection of sample raster data for skyserve missions	public	2024-05-22T07:47:06.182Z	2024-05-31T07:47:06.182Z	False	True	
Soft Commodity Infrastructure (Brazil)	175	https://data.source.coop/tristangruppwri/soft-commodity-infrastructure/catalog.json	soft-commodity-infrastructure-brazil	This is the geolocated midstream of Brazilian agriculture: the silos, slaughterhouses, dairy plants, and sugar/ethanol mills that farms sell into, plus the cooperatives that farms belong to. It exists to answer, for any rural property, **who to contact** about deforestation on the land — the cooperative that has the farmer as a member, or the buyer that receives their grain, cattle, or cane.	public	2026-08-18T12:55:18.749Z	2026-08-18T12:55:18.749Z	False	False	
South American Rural Cadastral Boundaries	162	https://data.source.coop/tristangruppwri/cadastral/catalog.json	south-american-rural-cadastral-boundaries	Cadastral parcel boundaries for South American rural land use and supply chain analysis. Intended for use alongside Trazo agricultural field boundaries and Fields of The World.	public	2026-08-18T09:15:53.416Z	2026-08-18T09:15:53.416Z	False	False	
Space2Stats Database	116	https://worldbank.github.io/DECAT_Space2Stats/stac/catalog.json	space2stats-database	This database contains geospatial statistics for the entire globe standardized to a hexagonal grid. The variables cover a wide range of geographic themes relevant to international development, including demographic, socio-economic, environmental, climate, and infrastructure.	public	2025-04-30T23:20:56.352Z	2026-06-27T20:25:41.414Z	False	False	
Super-Resolved Sentinel-2 2.5m STAC API	187	https://console.semablu.com/py/stac	super-resolved-sentinel-2-2-5m-stac-api	Live search over the Copernicus Sentinel-2 L2A catalogue (STAC Core + Item Search). Every Item also exposes a paywalled 'sr' asset for ordering 2.5m AI super-resolved imagery over a custom AOI via the Semablu API. Free, unauthenticated browsing; SR orders need an API key and credits. See [API docs](https://console.semablu.com/api-docs).	public	2026-08-26T22:58:38.881Z	2026-08-26T22:58:38.881Z	False	True	
Terrabyte Stac Api (Dlr)	148	https://stac.terrabyte.lrz.de/public/api/	terrabyte	Curated data catalog of the terrabyte platform provided by DLR and LRZ	private	2026-04-10T22:46:48.455Z	2026-06-27T20:22:26.613Z	True	True	Access through DLR or LRZ, contact the [support](https://docs.terrabyte.lrz.de/support/support-resources/) for more details.
Terrascope	62	https://stac.terrascope.be	terrascope	Terrascope is the Belgian Earth Observation Data Space. It provides easy access to Copernicus, PROBA-V, and SPOT-VEGETATION satellite data, products, and services. The access is free and open to all registered users, see [documentation](https://docs.terrascope.be/).	protected	2023-01-04T11:14:18.546Z	2025-06-16T16:14:18.546Z	True	True	You need to register yourself a Terrascope account at <https://portal.terrascope.be/home> and subscribe to a paid plan.
The Wildland Almanac - CONUS	177	https://data.source.coop/wildland-almanac/conus/catalog.json	the-wildland-almanac-conus	Root catalog for The Wildland Almanac - CONUS, a 30 m Landsat-derived data cube of wildland ecosystem properties at decadal snapshots (water years 1990, 2000, 2010, 2020, 2024). Each release is a complete reprocessing of the full snapshot set and is published as a versioned sub-catalog; the current release is v2026.1.	public	2026-08-18T13:12:28.530Z	2026-08-18T13:12:28.530Z	False	False	
The Wildland Almanac - California	166	https://data.source.coop/wildland-almanac/california/catalog.json	the-wildland-almanac-california	Root catalog for The Wildland Almanac - California, a 30 m Landsat-derived data cube of wildland ecosystem properties spanning water years 1985-2025. Each annual release is a complete reprocessing of the full time series and is published as a versioned sub-catalog; the current release is v2026.1.	public	2026-08-18T10:50:14.382Z	2026-08-18T10:50:14.382Z	False	False	
The Wildland Almanac - Treatment Scenarios	173	https://data.source.coop/wildland-almanac/treatment-scenarios/catalog.json	the-wildland-almanac-treatment-scenarios	Root catalog for The Wildland Almanac - Treatment Scenarios, a 30 m Landsat-derived data cube of wildland ecosystem properties for 24 BlueForest management-treatment scenarios applied to the 2024 western-CONUS baseline. Each release regenerates the full treatment set from the current baseline and is published as a versioned sub-catalog; the current release is v2026.1.	public	2026-08-18T12:20:27.552Z	2026-08-18T12:20:27.552Z	False	False	
Thünen Earth Observation (ThEO)	137	https://eodata.thuenen.de/stac/api/v1/	thunen-earth-observation-theo	Open-access, satellite-based products for Germany, focusing on seasonal land cover, crop types, and grassland dynamics.	public	2025-11-11T09:07:52.137Z	2025-11-11T09:07:52.137Z	False	True	
Trazo Field Boundaries of South America	168	https://data.source.coop/wri-data-lab/trazofields/catalog.json	trazo-field-boundaries-of-south-america	10.9 million agricultural field boundaries across South America for the 2023–2024 planting season, delineated from Sentinel-2 imagery by the Trazo model suite (U-Net / EfficientNet-B3, built on Fields of The World). Published as three collections, one per model — trazo3-fields is recommended for most use cases. Intended to support supply chain traceability, EUDR compliance workflows, and field-level deforestation monitoring.	public	2026-08-18T11:22:07.953Z	2026-08-18T11:22:07.953Z	False	False	
TriMet Geospatial Data	172	https://data.source.coop/cholmes/trimet/catalog.json	trimet-geospatial-data	A cloud-native mirror of the eight geospatial datasets TriMet publishes at [developer.trimet.org/gis](https://developer.trimet.org/gis/) — the transit district boundary, fixed-route alignments, rail lines, stops, route stops, rail stops, transit centers and park and rides for the Portland, Oregon metropolitan area.	public	2026-08-18T11:59:21.837Z	2026-08-18T11:59:21.837Z	False	False	
UK NCEO Analysis Ready Data (ARD)	54	https://gws-access.jasmin.ac.uk/public/nceo_ard/NCEO_ARD_STAC/catalog.json	uk-nceo-analysis-ready-data-ard	This STAC catalog contains Sentinel 2 (S2) surface reflectance over the UK from 2017 to 2019. The surface reflectance have been processed by SIAC atmospheric correction method, with per pixel uncertainty information.	public	2022-08-18T12:23:01.252Z	2022-08-18T12:23:01.252Z	False	False	
US GeoPlatform	85	https://stac.geoplatform.gov/catalog.json	geoplatform-stac-catalog	GeoPlatform.gov provides official list of National STAC Sources.	public	2023-10-13T23:46:58.015Z	2023-10-17T12:46:58.015Z	False	False	
USGS 3DEP LiDAR Point Clouds	13	https://s3-us-west-2.amazonaws.com/usgs-lidar-stac/ept/catalog.json	usgs-3dep-lidar	LiDAR 3DEP elevation data over the conterminous United States, Hawaii, and the U.S. territories, acquired over an 8-year period. Hosted on AWS.	public	2020-08-26T19:23:18.645Z	2026-06-27T20:10:26.109Z	False	False	
USGS Astrogeology Provided Analysis Ready Data	38	http://asc-stacbrowser.s3-website-us-west-2.amazonaws.com/catalog.json	usgs-astrogeology-ard	Analysis Ready Data (ARD) hosted by USGS Astrogeology. This catalog is organized by planetary body (e.g., Mars or Jupiter). Within each sub-catalog, users will find ARD orgamized by moon and/or data type (e.g., Europa, or kaguyaTC DTMs) depending upon how much logical nesting is required.	public	2021-08-11T14:09:33.168Z	2026-06-27T20:25:00.949Z	False	False	
USGS Landsat Collection 2 API	41	https://landsatlook.usgs.gov/stac-server/	usgs-landsat-collection-2-api	USGS authoritative source for Landsat Collection 2 data	public	2021-10-29T06:24:42.967Z	2023-02-15T11:00:00.000Z	False	True	
UVT STAC Catalog	67	https://stac.sage.uvt.ro	uvt-stac-catalog	Spatio-Temporal Asset Catalog containing various geospatial products distributed by West University of Timisoara	public	2023-02-13T11:43:40.718Z	2023-02-13T11:43:40.718Z	False	True	
Umbra Open SAR Data	81	https://s3.us-west-2.amazonaws.com/umbra-open-data-catalog/stac/catalog.json?.language=en	umbra-open-sar-data	Umbra Open SAR Data available as part of the AWS Open Data program	public	2023-09-13T12:33:49.993Z	2023-09-13T12:33:49.993Z	False	False	
United States : NGDA Transportation Theme Data	125	https://ngda-transportation-geoplatform.hub.arcgis.com/api/search/v1/collections/all	us-ngda-transportation-theme-data	United States : NGDA Transportation Theme : Collection	public	2025-08-03T22:48:47.461Z	2025-08-03T22:48:47.461Z	False	False	
VITO (openEO)	10	https://openeo.vito.be/openeo/1.0/	vito-openeo	openEO API to the VITO Remote Sensing product catalog and processing services.	protected	2020-08-24T20:44:28.248Z	2023-02-15T11:00:00.000Z	True	True	Contact [Jeroen Dries](https://remotesensing.vito.be/team/jeroen-dries) or [VITO Remote Sensing](https://remotesensing.vito.be/contact-us) for more information.
WeatherLayers	49	https://catalog.weatherlayers.com/catalog	weatherlayers	WeatherLayers is Weather Visualization as a Service, providing pre-processed weather data for visualization and a frontend weather visualization library, which can be used with both cloud and custom self-hosted data. See [WeatherLayers](https://weatherlayers.com/) for more details.	protected	2022-03-26T16:47:34.737Z	2026-06-27T20:10:38.519Z	True	True	Subscription plans are available to access periodically pre-processed weather data for visualization. See [WeatherLayers](https://weatherlayers.com/) for more details.
World Bank - Light Every Night	28	https://globalnightlight.s3.amazonaws.com/VIIRS_npp_catalog.json	world-bank-light-every-night	Nightly visible radiance catalogues from VIIRS DNB NPP for 2012/04 through 2020/12.	public	2021-02-16T10:01:48.253Z	2021-02-16T10:01:48.253Z	False	False	
WorldPop STAC API	133	https://api.stac.worldpop.org	worldpop-stac-api	WorldPop STAC API is a platform for accessing and analysing WorldPop geospatial data. WorldPop develops peer-reviewed research and methods for the construction of open and high-resolution geospatial data on population distributions, demographic and  dynamics. 	public	2025-09-02T12:21:44.657Z	2025-09-02T12:21:44.657Z	False	True	
Wyvern Open Data	111	https://wyvern-odp.com/catalog.json	wyvern-open-data	Root catalog for Wyvern's Open Data Program. Select the relevant catalogs/collections to access Wyvern's hyperspectral data. For more information on Wyvern and our data, check out our [knowledge centre](https://knowledge.wyvern.space/) for tutorials about how to work with hyperspectral data!	public	2025-02-04T19:27:57.514Z	2026-06-07T21:27:57.514Z	False	False	
🇺🇸  United States | Disasters Community Data	126	https://disasters-geoplatform.hub.arcgis.com/api/search/v1/collections/all	us-disasters-community	This site provides a unified environment for community partners to publish, share, and access authoritative geospatial data, applications, and resources related to the preparedness, response, recovery, and mitigation of disasters.	public	2025-08-03T22:59:45.433Z	2025-08-03T22:59:45.433Z	False	False	
🇺🇸 United States | Address Data Theme	130	https://api.fgdc.gov/ngda/address/	us-address-data-theme	The Address Theme consists of the data elements, attributes, and metadata that specify a fixed geographic location by reference to a thoroughfare or landmark, or specify a point of postal delivery, or both. 	public	2025-08-15T22:04:25.480Z	2025-08-15T22:04:25.480Z	False	False	
🇺🇸 United States | Alabama Geoportal Resources	127	https://api.fgdc.gov/states/al/	us-al-geoportal-resources	Alabama's Open Data Portal (ODP) is the states platform for exploring and downloading open data, discovering and building apps, and engaging the public through geospatial data. Inside Alabama's ODP, you can browse, search, preview, and download a variety of Alabama and national geospatial data.	public	2025-08-03T23:15:25.750Z	2025-08-03T23:15:25.750Z	False	False	
🇺🇸 United States | Alaska Geospatial Resources	128	https://api.fgdc.gov/states/ak/	us-ak-geospatial-resources	Alaska’s GeoPortal is the states platform for exploring and downloading open data, discovering and building apps, and engaging the public through geospatial data. The OGC Compliant API allows you to browse, search, preview, and download a variety of state and national geospatial data.	public	2025-08-03T23:38:01.925Z	2025-08-03T23:38:01.925Z	False	False	
🇺🇸 United States | Cadastre Data Theme	131	https://api.fgdc.gov/ngda/cadastre/	us-cadastre-data-theme	Cadastre information from the U.S. Past, current, and future rights and interests in real property including the spatial information necessary to describe geographic extents. 	public	2025-08-15T22:12:27.828Z	2025-08-15T22:12:27.828Z	False	False	
🇺🇸 United States | California Geospatial Data	129	https://api.fgdc.gov/states/ca/	us-ca-geospatial-resources	California’s GeoPortal is the states platform for exploring and downloading open data, discovering and building apps, and engaging the public through geospatial data. The OGC Compliant API allows you to browse, search, preview, and download a variety of state and national geospatial data.	public	2025-08-04T01:36:46.659Z	2025-08-04T01:36:46.659Z	False	False	
